Time(s),Force(N),Respiration Rate(bpm)
0.0,11.503883361816406,10.879420280456545
0.1,11.769607543945312,
0.2,12.370033264160156,
0.2999999999999999,13.123756408691406,
0.4,14.074211120605469,
0.5,15.290397644042969,
0.5999999999999999,16.475914001464844,
0.6999999999999998,17.12744140625,
0.8,17.69720458984375,
0.9,18.70132064819336,
1.0,20.00181579589844,
1.1,21.348300933837887,
1.2,22.57725524902344,
1.3,23.66312789916992,
1.4,24.347869873046875,
1.5,25.139919281005856,
1.6,26.01884078979492,
1.7,26.913089752197266,
1.8,27.700027465820312,
1.9,28.315784454345703,
2.0,28.481857299804688,
2.1,27.940200805664062,
2.2,27.291229248046875,
2.3,26.994850158691406,
2.4,26.85943603515625,
2.5,26.6499252319336,
2.6,26.320327758789062,
2.7,25.326435089111328,
2.8,23.497055053710938,
2.9,21.435169219970703,
3.0,19.39372634887696,
3.1,17.43914794921875,
3.2,15.865272521972656,
3.3,14.820274353027344,
3.4,14.076766967773438,
3.5,13.481452941894531,
3.6,13.031776428222656,
3.7,12.76605224609375,
3.8,12.689407348632812,
3.9,12.71240234375,
4.0,12.65874481201172,
4.1,12.367477416992188,
4.2,12.060874938964844,
4.3,11.930572509765623,
4.4,11.948455810546877,
4.5,12.109420776367188,
4.6,12.303596496582031,
4.7,12.541213989257812,
4.8,12.8963623046875,
4.9,13.514671325683594,
5.0,14.34760284423828,
5.1,14.89948272705078,
5.2,14.7359619140625,
5.3,14.186637878417969,
5.4,13.673080444335938,
5.5,13.126312255859377,
5.6,12.73028564453125,
5.7,12.615310668945312,
5.8,12.676628112792969,
5.9,13.187629699707031,
6.0,14.230072021484377,
6.1,15.315948486328123,
6.2,16.41204071044922,
6.3,17.748306274414062,
6.4,19.46271133422852,
6.5,20.798973083496094,
6.6,21.88740539550781,
6.7,22.689674377441406,
6.8,23.20067596435547,
6.9,23.85986328125,
7.0,24.86142349243164,
7.1,25.87064743041992,
7.2,26.373985290527344,
7.3,26.228347778320312,
7.4,25.57938003540039,
7.5,24.78988265991211,
7.599999999999999,23.74233627319336,
7.7,23.118915557861328,
7.8,22.270652770996094,
7.9,21.407066345214844,
8.0,20.548583984375,
8.099999999999998,19.406497955322266,
8.199999999999998,17.929710388183594,
8.3,16.435035705566406,
8.4,15.26740264892578,
8.5,14.60565185546875,
8.599999999999998,14.224960327148438,
8.699999999999998,14.002677917480469,
8.8,13.708847045898438,
8.9,13.402252197265623,
9.0,13.261726379394531,
9.1,13.151863098144531,
9.2,13.031776428222656,
9.3,13.02155303955078,
9.4,13.13397216796875,
9.5,13.013893127441406,
9.6,12.76860809326172,
9.7,12.76605224609375,
9.8,12.904022216796877,
9.9,13.049659729003906,
10.0,13.162078857421877,6.43776798248291
10.1,13.305160522460938,
10.2,13.399696350097656,
10.3,13.471237182617188,
10.4,14.099761962890623,
10.5,15.579109191894531,
10.6,17.16576385498047,
10.7,18.38705444335937,
10.8,19.7360954284668,
10.9,20.63290023803711,
11.0,21.36618423461914,
11.1,22.229774475097656,
11.2,22.9707260131836,
11.3,24.10770034790039,
11.4,25.05815887451172,
11.5,25.78122329711914,
11.6,26.353546142578125,
11.7,26.747013092041016,
11.8,27.42664337158203,
11.9,28.21102905273437,
12.0,29.00307846069336,
12.1,29.818122863769528,
12.2,30.4466552734375,
12.3,30.6638298034668,
12.4,30.80946350097656,
12.5,31.049633026123047,
12.6,31.095623016357425,
12.7,30.952545166015625,
12.8,30.658718109130856,
12.9,30.08895492553711,
13.0,29.133384704589844,
13.1,28.139488220214844,
13.2,27.324443817138672,
13.3,26.71891021728516,
13.4,26.58349609375,
13.5,26.42763900756836,
13.6,25.543609619140625,
13.7,23.57625961303711,
13.8,21.21543884277344,
13.9,19.516365051269528,
14.0,18.315513610839844,
14.1,17.4212646484375,
14.2,16.785072326660156,
14.3,16.15398406982422,
14.4,15.282730102539062,
14.5,14.449798583984377,
14.6,13.966903686523438,
14.7,13.698631286621094,
14.8,13.55810546875,
14.9,13.514671325683594,
15.0,13.547882080078123,
15.1,13.471237182617188,
15.2,13.361366271972656,
15.3,13.435462951660156,
15.4,13.629646301269531,
15.5,13.949020385742188,
15.6,14.480461120605469,
15.7,15.30828094482422,
15.8,16.1693115234375,
15.9,16.85150146484375,
16.0,17.638439178466797,
16.1,18.499473571777344,
16.2,19.207210540771484,
16.3,19.746315002441406,
16.4,20.19088363647461,
16.5,20.53070068359375,
16.6,20.69421768188477,
16.7,20.972713470458984,
16.8,21.55780792236328,
16.9,22.41373443603516,
17.0,23.382080078125,
17.1,24.232894897460938,
17.2,24.881862640380856,
17.3,25.34943008422852,
17.4,25.952407836914062,
17.5,26.66270065307617,
17.6,27.273345947265625,
17.7,27.87887954711914,
17.8,28.54573440551757,
17.9,29.05673599243164,
18.0,29.36077880859375,
18.1,29.71592330932617,
18.2,30.03018951416016,
18.3,30.234588623046875,
18.4,30.255027770996094,
18.5,30.01741409301757,
18.6,29.36333465576172,
18.7,28.44097900390625,
18.8,27.63359832763672,
18.9,26.86198806762696,
19.0,26.0673828125,
19.1,25.162914276123047,
19.2,24.02338409423828,
19.3,22.362632751464844,
19.4,20.535808563232425,
19.5,18.910831451416016,
19.6,17.29351806640625,
19.7,15.87548828125,
19.8,14.950576782226562,
19.9,14.850936889648438,
20.0,15.0655517578125,10.989010810852053
20.1,14.968467712402344,
20.2,14.730850219726562,
20.3,14.454910278320312,
20.4,14.173858642578123,
20.5,13.974571228027344,
20.6,13.83660125732422,
20.7,13.522331237792969,
20.8,13.28216552734375,
20.9,13.307716369628906,
21.0,13.440574645996094,
21.1,13.586212158203123,
21.2,13.711402893066406,
21.3,13.719070434570312,
21.4,13.563217163085938,
21.5,13.481452941894531,
21.6,13.535110473632812,
21.7,13.627090454101562,
21.8,13.739509582519531,
21.9,14.007781982421877,
22.0,14.728294372558594,
22.1,15.977691650390623,
22.2,17.620555877685547,
22.3,19.365619659423828,
22.4,20.99826431274414,
22.5,22.615577697753903,
22.6,24.26610946655273,
22.7,25.58193588256836,
22.8,26.36376571655273,
22.9,27.10726928710937,
23.0,28.019405364990234,
23.1,29.005634307861328,
23.2,29.93054580688477,
23.3,30.630615234375,
23.4,30.855453491210938,
23.5,30.423660278320312,
23.6,29.774688720703125,
23.7,29.141048431396484,
23.8,28.392433166503903,
23.9,27.505847930908203,
24.0,26.506843566894528,
24.1,25.13225555419921,
24.2,23.438289642333984,
24.3,21.851634979248047,
24.4,20.57413482666016,
24.5,19.70032501220703,
24.6,18.841846466064453,
24.7,17.77896499633789,
24.8,16.64710235595703,
24.9,15.579109191894531,
25.0,14.86626434326172,
25.1,14.416587829589844,
25.2,14.043556213378906,
25.3,13.775276184082031,
25.4,13.68840789794922,
25.5,13.703742980957031,
25.6,13.604095458984377,
25.7,13.55810546875,
25.8,13.719070434570312,
25.9,13.956687927246094,
26.0,14.189186096191406,
26.1,14.42169189453125,
26.2,14.564773559570312,
26.3,14.475349426269531,
26.4,14.378257751464844,
26.5,14.42169189453125,
26.6,14.49578857421875,
26.7,14.557106018066406,
26.8,14.60820770263672,
26.9,14.613319396972656,
27.0,14.416587829589844,
27.1,14.196853637695312,
27.2,14.155975341796877,
27.3,14.191741943359377,
27.4,14.224960327148438,
27.5,14.242843627929688,
27.6,14.253067016601562,
27.7,14.102317810058594,
27.8,13.90558624267578,
27.9,13.892807006835938,
28.0,13.954132080078123,
28.1,14.012893676757812,
28.2,14.063995361328123,
28.3,14.138092041015623,
28.4,14.069107055664062,
28.5,13.8519287109375,
28.6,13.780387878417969,
28.7,13.8519287109375,
28.8,13.933692932128906,
28.9,13.972015380859377,
29.0,14.007781982421877,
29.1,13.949020385742188,
29.2,13.7420654296875,
29.3,13.83404541015625,
29.4,14.83049774169922,
29.5,16.24085235595703,
29.6,17.362503051757812,
29.7,18.51991271972656,
29.8,19.950714111328125,
29.9,21.759654998779297,
30.0,23.53793334960937,10.70663833618164
30.1,24.470508575439453,
30.2,24.971290588378903,
30.3,25.70201873779297,
30.4,26.552833557128903,
30.5,27.324443817138672,
30.6,28.05261993408203,
30.7,28.407764434814453,
30.8,28.07561492919921,
30.9,26.77256393432617,
31.0,24.268665313720703,
31.1,21.657455444335938,
31.2,19.81529998779297,
31.3,18.23886489868164,
31.4,16.79784393310547,
31.5,15.7298583984375,
31.6,14.843269348144531,
31.7,14.365486145019531,
31.8,14.002677917480469,
31.9,13.46356964111328,
32.0,13.082878112792969,
32.1,12.91168975830078,
32.2,12.944908142089844,
32.3,12.904022216796877,
32.4,12.553993225097656,
32.5,12.316375732421877,
32.6,12.714958190917969,
32.7,13.747177124023438,
32.8,15.131988525390623,
32.9,16.51679229736328,
33.0,17.630775451660156,
33.1,18.737091064453125,
33.2,20.029918670654297,
33.3,21.30231094360352,
33.4,22.67179107666016,
33.5,23.601810455322266,
33.6,24.000389099121094,
33.7,23.982505798339844,
33.8,24.00550079345703,
33.9,24.09492492675781,
34.0,24.352977752685547,
34.1,24.958515167236328,
34.2,25.2548942565918,
34.3,24.18690490722656,
34.4,21.964054107666016,
34.5,20.379955291748047,
34.6,19.955825805664062,
34.7,19.955825805664062,
34.8,19.669666290283203,
34.9,18.785633087158203,
35.0,18.1571044921875,
35.1,18.307849884033203,
35.2,18.68598937988281,
35.3,19.064128875732425,
35.4,19.47037506103516,
35.5,19.577686309814453,
35.6,19.35028839111328,
35.7,19.11267471313477,
35.8,18.85461807250977,
35.9,18.461151123046875,
36.0,17.934818267822266,
36.1,17.21686553955078,
36.2,16.26129150390625,
36.3,15.512680053710938,
36.4,15.23418426513672,
36.5,15.200973510742188,
36.6,15.259735107421877,
36.7,15.30572509765625,
36.8,15.331275939941406,
36.9,15.275062561035156,
37.0,15.2137451171875,
37.1,15.216300964355469,
37.2,15.221412658691406,
37.3,15.211189270019531,
37.4,15.185638427734377,
37.5,15.091102600097656,
37.6,14.758956909179688,
37.7,14.483016967773438,
37.8,14.45746612548828,
37.9,14.490676879882812,
38.0,14.536666870117188,
38.1,14.636314392089844,
38.2,14.776840209960938,
38.3,14.771728515625,
38.4,14.797279357910156,
38.5,15.02978515625,
38.6,15.206077575683594,
38.7,15.1396484375,
38.8,14.907142639160156,
38.9,14.49578857421875,
39.0,13.803382873535156,
39.1,13.167190551757812,
39.2,12.791603088378906,
39.3,12.51055145263672,
39.4,12.40068817138672,
39.5,12.334259033203123,
39.6,12.124748229980469,
39.7,11.800262451171877,
39.8,11.69806671142578,
39.9,11.764495849609377,
40.0,11.830924987792969,11.100832939147947
40.1,11.899909973144531,
40.2,11.945899963378906,
40.3,11.787490844726562,
40.4,11.572868347167969,
40.5,11.54987335205078,
40.6,11.62908172607422,
40.7,11.715950012207031,
40.8,11.81048583984375,
40.9,11.851364135742188,
41.0,11.685287475585938,
41.1,11.503883361816406,
41.2,11.493667602539062,
41.3,11.55498504638672,
41.4,11.611198425292969,
41.5,11.657188415527344,
41.6,11.62397003173828,
41.7,11.427238464355469,
41.8,11.29437255859375,
41.9,11.3863525390625,
42.0,11.767051696777344,
42.1,12.566764831542969,
42.2,13.655197143554688,
42.3,14.761512756347656,
42.4,15.89337158203125,
42.5,17.066116333007812,
42.6,18.182655334472656,
42.7,19.1510009765625,
42.8,19.621120452880856,
42.9,19.411609649658203,
43.0,18.89805603027344,
43.1,18.325733184814453,
43.2,17.53368377685547,
43.3,17.007354736328125,
43.4,16.29706573486328,
43.5,15.037452697753906,
43.6,14.250511169433594,
43.7,13.66796875,
43.8,13.256614685058594,
43.9,12.891250610351562,
44.0,12.576988220214844,
44.1,12.157966613769531,
44.2,11.73383331298828,
44.3,11.575424194335938,
44.4,11.583091735839844,
44.5,11.613746643066406,
44.6,11.636741638183594,
44.7,11.529434204101562,
44.8,11.289268493652344,
44.9,11.189620971679688,
45.0,11.266273498535156,
45.1,11.360801696777344,
45.2,11.44512176513672,
45.3,11.463005065917969,
45.4,11.307151794433594,
45.5,11.18450927734375,
45.6,11.233055114746094,
45.7,11.322479248046877,
45.8,11.40679168701172,
45.9,11.503883361816406,
46.0,11.483444213867188,
46.1,11.309707641601562,
46.2,11.243278503417969,
46.3,11.33270263671875,
46.4,11.44512176513672,
46.5,11.99188995361328,
46.6,13.68329620361328,
46.7,15.551002502441406,
46.8,16.81572723388672,
46.9,18.12133407592773,
47.0,19.56746292114257,
47.1,21.067249298095703,
47.2,22.518489837646484,
47.3,23.652908325195312,
47.4,24.332538604736328,
47.5,24.853759765625,
47.6,25.298328399658203,
47.7,25.265113830566406,
47.8,24.536937713623047,
47.9,23.48938751220703,
48.0,22.349861145019528,
48.1,20.801528930664062,
48.2,19.17910385131836,
48.3,17.776409149169922,
48.4,16.544898986816406,
48.5,15.548446655273438,
48.6,14.78705596923828,
48.7,14.102317810058594,
48.8,13.50444793701172,
48.9,13.215736389160156,
49.0,13.09820556640625,
49.1,13.02410888671875,
49.2,12.98578643798828,
49.3,12.847816467285156,
49.4,12.416023254394531,
49.5,11.92290496826172,
49.6,11.718505859375,
49.7,11.718505859375,
49.8,11.787490844726562,
49.9,11.910133361816406,
50.0,11.99188995361328,7.419620990753175
50.1,12.111976623535156,
50.2,12.170738220214844,
50.3,12.10430908203125,
50.4,12.055763244628906,
50.5,11.979118347167969,
50.6,11.782379150390623,
50.7,11.521766662597656,
50.8,11.138519287109377,
50.9,10.568756103515623,
51.0,10.349021911621094,
51.1,10.627517700195312,
51.2,11.164070129394531,
51.3,12.18096160888672,
51.4,13.678192138671877,
51.5,15.349159240722656,
51.6,16.861717224121094,
51.7,18.090675354003903,
51.8,19.24298095703125,
51.9,20.512813568115234,
52.0,21.683006286621094,
52.1,22.697338104248047,
52.2,23.854755401611328,
52.3,24.97384262084961,
52.4,25.719905853271484,
52.5,26.05716323852539,
52.6,26.013729095458984,
52.7,25.77611541748047,
52.8,25.464405059814453,
52.9,24.75411605834961,
53.0,23.778102874755856,
53.1,22.84552764892578,
53.2,21.73410415649414,
53.3,20.34418487548828,
53.4,18.8929443359375,
53.5,17.247528076171875,
53.6,15.584220886230469,
53.7,14.46257781982422,
53.8,13.862152099609377,
53.9,13.621978759765623,
54.0,13.637306213378906,
54.1,13.512115478515623,
54.2,13.192741394042969,
54.3,12.965347290039062,
54.4,12.832481384277344,
54.5,12.758392333984377,
54.6,12.76860809326172,
54.7,12.771163940429688,
54.8,12.566764831542969,
54.9,12.385360717773438,
55.0,12.446678161621094,
55.1,12.569320678710938,
55.2,12.65874481201172,
55.3,12.73028564453125,
55.4,12.71240234375,
55.5,12.530998229980469,
55.6,12.43390655517578,
55.7,12.513107299804688,
55.8,12.61786651611328,
55.9,12.699623107910156,
56.0,12.781387329101562,
56.1,12.73284149169922,
56.2,12.541213989257812,
56.3,12.454345703125,
56.4,12.525886535644531,
56.5,12.62297821044922,
56.6,12.697067260742188,
56.7,12.758392333984377,
56.8,12.661300659179688,
56.9,12.47478485107422,
57.0,12.43901824951172,
57.1,12.505447387695312,
57.2,12.54888153076172,
57.3,12.57953643798828,
57.4,12.574432373046877,
57.5,12.408355712890623,
57.6,12.237167358398438,
57.7,12.247390747070312,
57.8,12.32659149169922,
57.9,12.40068817138672,
58.0,12.477340698242188,
58.1,12.416023254394531,
58.2,12.272941589355469,
58.3,12.278053283691406,
58.4,12.36236572265625,
58.5,12.444122314453123,
58.6,12.513107299804688,
58.7,12.43390655517578,
58.8,12.265274047851562,
58.9,12.237167358398438,
59.0,12.32404327392578,
59.1,12.428794860839844,
59.2,12.525886535644531,
59.3,12.459457397460938,
59.4,12.28571319580078,
59.5,12.257606506347656,
59.6,12.339370727539062,
59.7,12.444122314453123,
59.8,12.54376983642578,
59.9,12.485008239746094,
60.0,12.313819885253906,10.999083518981934
60.1,12.2703857421875,
60.2,12.341926574707031,
60.3,12.428794860839844,
60.4,12.523330688476562,
60.5,12.500335693359377,
60.6,12.329147338867188,
60.7,12.242279052734377,
60.8,12.301048278808594,
60.9,12.387916564941406,
61.0,12.464561462402344,
61.1,12.51055145263672,
61.2,12.375137329101562,
61.3,12.21417236328125,
61.4,12.242279052734377,
61.5,12.334259033203123,
61.6,12.39557647705078,
61.7,12.495223999023438,
61.8,12.525886535644531,
61.9,12.36492156982422,
62.0,12.201400756835938,
62.1,12.229507446289062,
62.2,12.32404327392578,
62.3,12.40068817138672,
62.4,12.485008239746094,
62.5,12.513107299804688,
62.6,12.35980987548828,
62.7,12.21672821044922,
62.8,12.25250244140625,
62.9,12.354698181152344,
63.0,12.43390655517578,
63.1,12.482452392578123,
63.2,12.421127319335938,
63.3,11.935676574707031,
63.4,11.524322509765623,
63.5,11.560096740722656,
63.6,11.825813293457031,
63.7,12.17840576171875,
63.8,12.382804870605469,
63.9,12.372581481933594,
64.0,12.456901550292969,
64.1,13.241287231445312,
64.2,14.334823608398438,
64.3,15.15753173828125,
64.4,16.069671630859375,
64.5,17.29096221923828,
64.6,18.292518615722656,
64.7,19.61090087890625,
64.8,20.68399810791016,
64.9,20.673778533935547,
65.0,19.501033782958984,
65.1,17.86328125,
65.2,16.368606567382812,
65.3,15.134536743164062,
65.4,14.27606201171875,
65.5,13.826377868652344,
65.6,13.788055419921877,
65.7,13.94390869140625,
65.8,13.887702941894531,
65.9,13.568321228027344,
66.0,13.277053833007812,
66.1,12.983230590820312,
66.2,12.725173950195312,
66.3,12.663856506347656,
66.4,12.47222900390625,
66.5,12.022552490234377,
66.6,11.692955017089844,
66.7,11.611198425292969,
66.8,11.611198425292969,
66.9,11.690399169921877,
67.0,12.017440795898438,
67.1,12.423683166503906,
67.2,12.99089813232422,
67.3,13.936241149902344,
67.4,15.055335998535156,
67.5,16.27918243408203,
67.6,17.464698791503906,
67.7,18.461151123046875,
67.8,19.181659698486328,
67.9,20.037586212158203,
68.0,20.811748504638672,
68.1,21.348300933837887,
68.2,21.47093963623047,
68.3,21.118350982666016,
68.4,20.60734939575196,
68.5,20.18321990966797,
68.6,19.756534576416016,
68.7,19.33240509033203,
68.8,18.8929443359375,
68.9,18.213314056396484,
69.0,17.38294219970703,
69.1,16.749298095703125,
69.2,16.274070739746094,
69.3,15.847381591796877,
69.4,15.497352600097656,
69.5,15.101325988769531,
69.6,14.523895263671877,
69.7,14.076766967773438,
69.8,13.926025390625,
69.9,13.86725616455078,
70.0,13.841712951660156,9.456264495849608
70.1,13.823822021484377,
70.2,13.64752960205078,
70.3,13.412467956542969,
70.4,13.35626220703125,
70.5,13.412467956542969,
70.6,13.46356964111328,
70.7,13.524887084960938,
70.8,13.545326232910156,
70.9,13.397140502929688,
71.0,13.251502990722656,
71.1,13.269386291503906,
71.2,13.35881805419922,
71.3,13.4482421875,
71.4,13.550437927246094,
71.5,13.568321228027344,
71.6,13.409912109375,
71.7,13.289833068847656,
71.8,13.338371276855469,
71.9,13.435462951660156,
72.0,13.507003784179688,
72.09999999999998,13.61431121826172,
72.2,13.690963745117188,
72.29999999999998,13.678192138671877,
72.4,13.936241149902344,
72.5,14.758956909179688,
72.59999999999998,16.049232482910156,
72.7,17.653770446777344,
72.79999999999998,18.992588043212887,
72.9,20.38506317138672,
73.0,21.782649993896484,
73.09999999999998,23.088253021240234,
73.2,24.802658081054688,
73.29999999999998,26.04949951171875,
73.4,27.12260055541992,
73.5,28.3489990234375,
73.59999999999998,29.62905502319336,
73.7,30.27035903930664,
73.79999999999998,30.326568603515625,
73.9,30.229480743408203,
74.0,29.876888275146484,
74.09999999999998,29.25091552734375,
74.2,28.213584899902344,
74.29999999999998,26.764900207519528,
74.4,25.32132339477539,
74.5,23.959510803222656,
74.59999999999998,22.64368438720703,
74.7,21.4683837890625,
74.79999999999998,20.27008819580078,
74.9,18.823959350585938,
75.0,17.393157958984375,
75.09999999999998,16.243408203125,
75.2,15.367042541503906,
75.29999999999998,14.733406066894531,
75.4,14.296501159667969,
75.5,13.844261169433594,
75.59999999999998,13.386917114257812,
75.7,13.17485809326172,
75.79999999999998,13.162078857421877,
75.9,13.241287231445312,
76.0,13.371589660644531,
76.09999999999998,13.443130493164062,
76.2,13.348594665527344,
76.29999999999998,13.27960968017578,
76.4,13.35626220703125,
76.5,13.491676330566406,
76.59999999999998,13.634757995605469,
76.7,13.72418212890625,
76.79999999999998,13.598983764648438,
76.9,13.425247192382812,
77.0,13.458457946777344,
77.09999999999998,13.568321228027344,
77.2,13.68585205078125,
77.29999999999998,13.841712951660156,
77.4,13.90558624267578,
77.5,13.938796997070312,
77.59999999999998,14.194297790527344,
77.7,14.585212707519531,
77.79999999999998,15.063003540039062,
77.9,15.755401611328123,
78.0,16.562782287597656,
78.09999999999998,17.426376342773438,
78.2,18.50458526611328,
78.29999999999998,19.75142288208008,
78.4,21.10812759399414,
78.5,22.4213981628418,
78.59999999999998,23.387187957763672,
78.7,24.14347076416016,
78.79999999999998,24.97384262084961,
78.9,25.76844787597656,
79.0,26.85943603515625,
79.09999999999998,28.384769439697266,
79.2,29.28923797607421,
79.29999999999998,29.107833862304688,
79.4,28.548290252685547,
79.5,28.410320281982425,
79.59999999999998,28.834449768066406,
79.7,29.04906845092773,
79.79999999999998,28.346443176269528,
79.9,26.770008087158203,
80.0,24.994285583496094,8.995502471923826
80.09999999999998,23.374412536621094,
80.2,21.83885955810547,
80.29999999999998,20.362068176269528,
80.4,18.87250518798828,
80.5,17.155548095703125,
80.59999999999998,15.5458984375,
80.7,14.508567810058594,
80.79999999999998,13.887702941894531,
80.9,13.49933624267578,
81.0,13.289833068847656,
81.09999999999998,13.105873107910156,
81.2,12.799270629882812,
81.29999999999998,12.599983215332031,
81.4,12.628082275390623,
81.5,12.714958190917969,
81.59999999999998,12.783943176269531,
81.7,12.865699768066406,
81.79999999999998,12.819709777832031,
81.9,12.607643127441406,
82.0,12.502891540527344,
82.09999999999998,12.566764831542969,
82.2,12.65874481201172,
82.29999999999998,12.740501403808594,
82.4,12.827377319335938,
82.5,12.80438232421875,
82.59999999999998,12.7481689453125,
82.7,12.870811462402344,
82.79999999999998,13.121200561523438,
82.9,13.323043823242188,
83.0,13.512115478515623,
83.09999999999998,13.839157104492188,
83.2,14.207077026367188,
83.29999999999998,14.730850219726562,
83.4,15.476913452148438,
83.5,16.233192443847656,
83.59999999999998,16.979248046875,
83.7,17.814735412597656,
83.79999999999998,18.61956024169921,
83.9,19.15866470336914,
84.0,19.697769165039062,
84.09999999999998,20.387619018554688,
84.2,21.10301971435547,
84.29999999999998,21.828639984130856,
84.4,22.47249984741211,
84.5,22.878746032714844,
84.59999999999998,23.282432556152344,
84.7,23.711673736572266,
84.79999999999998,24.089813232421875,
84.9,24.57270812988281,
85.0,25.01728057861328,
85.09999999999998,25.33409881591797,
85.2,25.707130432128903,
85.29999999999998,26.14403533935547,
85.4,26.552833557128903,
85.5,26.920753479003903,
85.59999999999998,26.95907974243164,
85.7,26.542613983154297,
85.79999999999998,26.01884078979492,
85.9,25.533390045166016,
86.0,25.04027557373047,
86.09999999999998,24.51139068603516,
86.2,23.65802001953125,
86.29999999999998,22.39840316772461,
86.4,21.092800140380856,
86.5,19.90216827392578,
86.59999999999998,18.79840850830078,
86.7,17.732975006103516,
86.79999999999998,16.55512237548828,
86.9,15.106437683105469,
87.0,13.83660125732422,
87.09999999999998,13.17485809326172,
87.2,12.750724792480469,
87.29999999999998,12.390472412109377,
87.4,12.21417236328125,
87.5,12.037879943847656,
87.59999999999998,11.761940002441406,
87.7,11.593307495117188,
87.79999999999998,11.486000061035156,
87.9,11.396575927734377,
88.0,11.3863525390625,
88.09999999999998,11.37102508544922,
88.2,11.18706512451172,
88.29999999999998,10.921348571777344,
88.4,10.867691040039062,
88.5,11.046539306640623,
88.59999999999998,11.250938415527344,
88.7,11.383796691894531,
88.79999999999998,11.4246826171875,
88.9,11.210060119628906,
89.0,10.944343566894531,
89.09999999999998,10.941787719726562,
89.2,11.026100158691406,
89.29999999999998,11.07464599609375,
89.4,11.128303527832031,
89.5,11.189620971679688,
89.59999999999998,11.120635986328123,
89.7,10.88813018798828,
89.79999999999998,10.762931823730469,
89.9,10.842140197753906,
90.0,10.972442626953123,11.583011627197266
90.1,11.041427612304688,
90.2,11.059318542480469,
90.3,11.079757690429688,
90.4,10.872802734375,
90.5,10.622413635253906,
90.6,10.645408630371094,
90.7,10.969886779785156,
90.8,11.718505859375,
90.9,12.743057250976562,
91.0,13.8519287109375,
91.1,14.743621826171877,
91.2,15.30828094482422,
91.3,15.870376586914062,
91.4,16.42481231689453,
91.5,16.86682891845703,
91.6,17.260299682617188,
91.7,17.566898345947266,
91.8,17.47747802734375,
91.9,16.92559814453125,
92.0,16.24596405029297,
92.1,15.430923461914062,
92.2,14.4779052734375,
92.3,13.61431121826172,
92.4,12.939796447753906,
92.5,12.260162353515623,
92.6,11.611198425292969,
92.7,11.29437255859375,
92.8,11.230499267578123,
92.9,11.238166809082031,
93.0,11.266273498535156,
93.1,11.29181671142578,
93.2,11.164070129394531,
93.3,10.977554321289062,
93.4,10.96733856201172,
93.5,11.046539306640623,
93.6,11.11041259765625,
93.7,11.18195343017578,
93.8,11.212615966796877,
93.9,11.059318542480469,
94.0,10.898353576660156,
94.1,10.9085693359375,
94.2,10.992881774902344,
94.3,11.07464599609375,
94.4,11.161514282226562,
94.5,11.161514282226562,
94.6,10.990333557128906,
94.7,10.870246887207031,
94.8,10.921348571777344,
94.9,11.005661010742188,
95.0,11.07464599609375,
95.1,11.14874267578125,
95.2,11.10785675048828,
95.3,10.921348571777344,
95.4,10.826812744140623,
95.5,10.870246887207031,
95.6,10.936676025390623,
95.7,11.049095153808594,
95.8,11.217727661132812,
95.9,11.248382568359377,
96.0,11.48088836669922,
96.1,12.295936584472656,
96.2,13.547882080078123,
96.3,15.653205871582031,
96.4,18.565902709960938,
96.5,21.146453857421875,
96.6,22.694786071777344,
96.7,22.876190185546875,
96.8,21.64978790283203,
96.9,20.25986862182617,
97.0,19.621120452880856,
97.1,19.1510009765625,
97.2,18.565902709960938,
97.3,18.47647857666016,
97.4,18.887836456298828,
97.5,19.258308410644528,
97.6,19.659442901611328,
97.7,20.405506134033203,
97.8,20.30330276489257,
97.9,19.0334701538086,
98.0,17.658878326416016,
98.1,16.419708251953125,
98.2,15.579109191894531,
98.3,14.927581787109377,
98.4,14.31182861328125,
98.5,14.048667907714844,
98.6,14.081878662109377,
98.7,14.18408203125,
98.8,14.153419494628906,
98.9,13.808494567871094,
99.0,13.363922119140623,
99.1,13.029220581054688,
99.2,12.709846496582031,
99.3,12.393028259277344,
99.4,12.10175323486328,
99.5,11.69806671142578,
99.6,11.521766662597656,
99.7,11.84880828857422,
99.8,12.318931579589844,
99.9,12.80182647705078,
100.0,13.17230224609375,10.0
100.1,13.254058837890623,
100.2,13.310272216796877,
100.3,13.478897094726562,
100.4,13.5938720703125,
100.5,13.68329620361328,
100.6,13.767616271972656,
100.7,13.66796875,
100.8,13.49933624267578,
100.9,13.471237182617188,
101.0,13.50444793701172,
101.1,13.545326232910156,
101.2,13.604095458984377,
101.3,13.604095458984377,
101.4,13.402252197265623,
101.5,13.220848083496094,
101.6,13.2259521484375,
101.7,13.300048828125,
101.8,13.371589660644531,
101.9,13.461013793945312,
102.0,13.415023803710938,
102.1,13.190185546875,
102.2,13.052215576171877,
102.3,13.077766418457031,
102.4,13.149307250976562,
102.5,13.197853088378906,
102.6,13.202957153320312,
102.7,12.998558044433594,
102.8,12.737953186035156,
102.9,12.686851501464844,
103.0,12.783943176269531,
103.1,12.91680145263672,
103.2,13.110977172851562,
103.3,13.35626220703125,
103.4,13.57598876953125,
103.5,13.964347839355469,
103.6,14.628646850585938,
103.7,15.494796752929688,
103.8,16.790176391601562,
103.9,18.42538070678711,
104.0,19.554691314697266,
104.1,20.729988098144528,
104.2,21.90784454345703,
104.3,22.77654266357421,
104.4,23.58392333984375,
104.5,24.78221893310547,
104.6,25.832324981689453,
104.7,26.552833557128903,
104.8,27.562057495117188,
104.9,28.55339813232421,
105.0,28.92642974853516,
105.1,28.87022018432617,
105.2,28.47163772583008,
105.3,27.659149169921875,
105.4,26.70613479614257,
105.5,25.82721328735352,
105.6,24.89974975585937,
105.7,23.997833251953125,
105.8,23.129135131835938,
105.9,21.84652328491211,
106.0,20.15766906738281,
106.1,18.61956024169921,
106.2,17.388046264648438,
106.3,16.48613739013672,
106.4,15.865272521972656,
106.5,15.272506713867188,
106.6,14.618431091308594,
106.7,14.186637878417969,
106.8,14.01800537109375,
106.9,13.9617919921875,
107.0,13.933692932128906,
107.1,13.859596252441406,
107.2,13.616867065429688,
107.3,13.38947296142578,
107.4,13.399696350097656,
107.5,13.517227172851562,
107.6,13.624534606933594,
107.7,13.731842041015623,
107.8,13.736953735351562,
107.9,13.588768005371094,
108.0,13.522331237792969,
108.1,13.604095458984377,
108.2,13.716514587402344,
108.3,13.87236785888672,
108.4,14.135536193847656,
108.5,14.245399475097656,
108.6,14.104873657226562,
108.7,14.058883666992188,
108.8,14.181526184082031,
108.9,14.339935302734377,
109.0,14.49578857421875,
109.1,14.700187683105469,
109.2,14.950576782226562,
109.3,15.277618408203123,
109.4,15.760513305664062,
109.5,16.348167419433594,
109.6,17.007354736328125,
109.7,17.822399139404297,
109.8,18.71920394897461,
109.9,19.3349609375,
110.0,19.73865127563477,7.200000286102295
110.1,20.28030776977539,
110.2,20.921615600585938,
110.3,21.57825088500977,
110.4,22.3115348815918,
110.5,23.02182388305664,
110.6,23.4485092163086,
110.7,23.803653717041016,
110.8,24.24055862426757,
110.9,24.623809814453125,
111.0,24.930408477783203,
111.1,25.070934295654297,
111.2,24.78221893310547,
111.3,24.112808227539062,
111.4,23.410182952880856,
111.5,22.63602066040039,
111.6,21.7264404296875,
111.7,20.71210479736328,
111.8,19.475482940673828,
111.9,17.87350082397461,
112.0,16.258743286132812,
112.1,14.94036102294922,
112.2,14.010337829589844,
112.3,13.527442932128906,
112.4,13.461013793945312,
112.5,13.458457946777344,
112.6,13.274497985839844,
112.7,13.20806884765625,
112.8,13.271942138671877,
112.9,13.335823059082031,
113.0,13.399696350097656,
113.1,13.445686340332031,
113.2,13.328155517578123,
113.3,13.146751403808594,
113.4,13.141639709472656,
113.5,13.238731384277344,
113.6,13.32048797607422,
113.7,13.397140502929688,
113.8,13.417579650878906,
113.9,13.24384307861328,
114.0,13.067543029785156,
114.1,13.151863098144531,
114.2,13.351150512695312,
114.3,13.496788024902344,
114.4,13.627090454101562,
114.5,13.729286193847656,
114.6,13.655197143554688,
114.7,13.53766632080078,
114.8,13.588768005371094,
114.9,13.747177124023438,
115.0,13.94390869140625,
115.1,14.306716918945312,
115.2,15.001678466796877,
115.3,15.75029754638672,
115.4,16.414596557617188,
115.5,17.285850524902344,
115.6,18.43048858642578,
115.7,19.82040786743164,
115.8,21.23332595825196,
115.9,22.492938995361328,
116.0,23.47406005859375,
116.1,24.437294006347656,
116.2,25.76078414916992,
116.3,27.012733459472656,
116.4,27.894210815429688,
116.5,28.415428161621094,
116.6,28.586612701416016,
116.7,28.43331527709961,
116.8,28.15481948852539,
116.9,27.80733871459961,
117.0,27.25035095214844,
117.1,26.48129272460937,
117.2,25.40052795410156,
117.3,23.900745391845703,
117.4,21.92828369140625,
117.5,19.7360954284668,
117.6,17.893939971923828,
117.7,16.458030700683594,
117.8,16.00324249267578,
117.9,15.901039123535156,
118.0,15.763069152832031,
118.1,15.221412658691406,
118.2,14.853492736816406,
118.3,14.592880249023438,
118.4,14.35015106201172,
118.5,14.362930297851562,
118.6,14.316940307617188,
118.7,14.143196105957031,
118.8,14.319496154785156,
118.9,14.253067016601562,
119.0,14.028221130371094,
119.1,13.887702941894531,
119.2,13.57343292236328,
119.3,13.09564971923828,
119.4,12.303596496582031,
119.5,11.92034912109375,
119.6,11.9765625,
119.7,12.679183959960938,
119.8,13.371589660644531,
119.9,14.173858642578123,
120.0,14.894371032714844,9.027081489562988
120.1,15.832054138183594,
120.2,17.23986053466797,
120.3,18.220977783203125,
120.4,19.687549591064453,
120.5,20.837299346923828,
120.6,21.769874572753903,
120.7,22.528709411621094,
120.8,23.32075881958008,
120.9,24.15624618530273,
121.0,25.02494430541992,
121.1,25.61003875732421,
121.2,25.852764129638672,
121.3,26.03672409057617,
121.4,26.110820770263672,
121.5,26.12104034423828,
121.6,26.098045349121094,
121.7,25.824657440185547,
121.8,25.244674682617188,
121.9,24.7796630859375,
122.0,24.467952728271484,
122.1,24.235450744628903,
122.2,24.036159515380856,
122.3,23.591590881347656,
122.4,22.980945587158203,
122.5,22.54404067993164,
122.6,22.26810073852539,
122.7,22.04070281982421,
122.8,21.81842041015625,
122.9,21.37895965576172,
123.0,20.58435440063477,
123.1,19.687549591064453,
123.2,18.64511108398437,
123.3,17.577117919921875,
123.4,16.84894561767578,
123.5,16.363494873046875,
123.6,15.763069152832031,
123.7,15.206077575683594,
123.8,14.97101593017578,
123.9,14.90203094482422,
124.0,14.884147644042969,
124.1,14.912254333496094,
124.2,14.873931884765623,
124.3,14.672080993652344,
124.4,14.580101013183594,
124.5,14.695075988769531,
124.6,14.833045959472656,
124.7,14.927581787109377,
124.8,14.958244323730469,
124.9,14.812606811523438,
125.0,14.638870239257812,
125.1,14.64398193359375,
125.2,14.733406066894531,
125.3,14.840713500976562,
125.4,14.94036102294922,
125.5,14.896926879882812,
125.6,14.6976318359375,
125.7,14.595436096191406,
125.8,14.651641845703123,
125.9,14.741065979003906,
126.0,14.82794189453125,
126.1,14.90203094482422,
126.2,14.89948272705078,
126.3,15.05022430419922,
126.4,15.510124206542969,
126.5,16.274070739746094,
126.6,17.444259643554688,
126.7,18.84439849853516,
126.8,20.11679077148437,
126.9,21.332969665527344,
127.0,22.505714416503903,
127.1,23.42807006835937,
127.2,24.360645294189453,
127.3,25.436298370361328,
127.4,26.33821487426757,
127.5,27.112380981445312,
127.6,27.94530868530273,
127.7,28.650489807128903,
127.8,29.212589263916016,
127.9,29.708259582519528,
128.0,29.631610870361328,
128.1,28.949424743652344,
128.2,28.149707794189453,
128.3,27.14814758300781,
128.4,25.834880828857425,
128.5,23.51749420166016,
128.6,20.339073181152344,
128.7,17.88116455078125,
128.8,16.473358154296875,
128.9,15.538230895996094,
129.0,15.070663452148438,
129.1,15.1038818359375,
129.2,14.83049774169922,
129.3,14.086990356445312,
129.4,13.642417907714844,
129.5,13.4840087890625,
129.6,13.340927124023438,
129.7,13.154411315917969,
129.8,12.720062255859377,
129.9,12.02765655517578,
130.0,11.483444213867188,10.471203804016112
130.1,11.25860595703125,
130.2,11.3863525390625,
130.3,11.92290496826172,
130.4,12.441566467285156,
130.5,12.93212890625,
130.6,13.65264129638672,
130.7,14.291389465332031,
130.8,14.86370849609375,
130.9,15.617431640625,
131.0,16.468246459960938,
131.1,17.426376342773438,
131.2,18.289962768554688,
131.3,18.282299041748047,
131.4,17.428932189941406,
131.5,16.345611572265625,
131.6,15.331275939941406,
131.7,14.659309387207031,
131.8,14.227516174316406,
131.9,13.892807006835938,
132.0,13.77783203125,
132.1,13.785499572753906,
132.2,13.598983764648438,
132.3,12.975563049316406,
132.4,12.464561462402344,
132.5,12.321487426757812,
132.6,12.137527465820312,
132.7,11.861587524414062,
132.8,11.557540893554688,
132.9,11.253494262695312,
133.0,11.422126770019531,
133.1,12.25250244140625,
133.2,13.50444793701172,
133.3,15.004234313964844,
133.4,16.39415740966797,
133.5,17.462142944335938,
133.6,18.42538070678711,
133.7,19.59045791625977,
133.8,20.82196807861328,
133.9,21.93083953857421,
134.0,22.720333099365234,
134.1,23.29010009765625,
134.2,24.09492492675781,
134.3,24.986618041992188,
134.4,25.76844787597656,
134.5,26.606491088867188,
134.6,27.12260055541992,
134.7,27.219688415527344,
134.8,27.582500457763672,
134.9,28.193145751953125,
135.0,28.428203582763672,
135.1,28.07305908203125,
135.2,27.0178451538086,
135.3,25.694355010986328,
135.4,24.56504440307617,
135.5,23.543045043945312,
135.6,22.273208618164062,
135.7,20.408058166503903,
135.8,18.093231201171875,
135.9,16.141212463378906,
136.0,14.922477722167969,
136.1,14.161087036132812,
136.2,13.75739288330078,
136.3,13.3741455078125,
136.4,12.865699768066406,
136.5,12.515663146972656,
136.6,12.382804870605469,
136.7,12.352142333984377,
136.8,12.3802490234375,
136.9,12.25250244140625,
137.0,11.963783264160156,
137.1,11.84625244140625,
137.2,11.928016662597656,
137.3,12.042991638183594,
137.4,12.157966613769531,
137.5,12.14008331298828,
137.6,11.92034912109375,
137.7,11.795158386230469,
137.8,11.874359130859377,
137.9,12.014884948730469,
138.0,12.145187377929688,
138.1,12.232063293457031,
138.2,12.08642578125,
138.3,11.92290496826172,
138.4,11.981666564941406,
138.5,12.147743225097656,
138.6,12.54888153076172,
138.7,13.2642822265625,
138.8,13.938796997070312,
138.9,14.57244110107422,
139.0,15.502456665039062,
139.1,16.659873962402344,
139.2,17.776409149169922,
139.3,18.885280609130856,
139.4,19.799968719482425,
139.5,20.413169860839844,
139.6,21.08513259887696,
139.7,21.953834533691406,
139.8,22.975833892822266,
139.9,23.916072845458984,
140.0,24.5190544128418,10.380622863769531
140.1,24.85120391845703,
140.2,25.374980926513672,
140.3,26.110820770263672,
140.4,26.84154891967773,
140.5,27.59272003173828,
140.6,28.126712799072266,
140.7,28.07050323486328,
140.8,27.677032470703125,
140.9,27.222244262695312,
141.0,26.69080352783203,
141.1,26.164474487304688,
141.2,25.553829193115234,
141.3,24.559932708740234,
141.4,23.3386459350586,
141.5,22.04581451416016,
141.6,20.38506317138672,
141.7,18.555683135986328,
141.8,16.974136352539062,
141.9,15.640426635742188,
142.0,14.521339416503906,
142.1,13.811050415039062,
142.2,13.42780303955078,
142.3,13.20806884765625,
142.4,13.121200561523438,
142.5,13.06243133544922,
142.6,12.771163940429688,
142.7,12.467117309570312,
142.8,12.39557647705078,
142.9,12.408355712890623,
143.0,12.451789855957031,
143.1,12.5284423828125,
143.2,12.589759826660156,
143.3,12.375137329101562,
143.4,12.094093322753906,
143.5,12.083869934082031,
143.6,12.21417236328125,
143.7,12.413467407226562,
143.8,12.829933166503906,
143.9,13.61431121826172,
144.0,14.452354431152344,
144.1,15.277618408203123,
144.2,16.322616577148438,
144.3,17.472366333007812,
144.4,18.540355682373047,
144.5,19.495925903320312,
144.6,20.362068176269528,
144.7,20.993152618408203,
144.8,21.69067001342773,
144.9,22.986053466796875,
145.0,24.4424057006836,
145.1,25.25745010375977,
145.2,25.5129508972168,
145.3,25.26255798339844,
145.4,24.68257522583008,
145.5,24.31209945678711,
145.6,24.11025619506836,
145.7,23.90585327148437,
145.8,23.65035629272461,
145.9,23.139354705810547,
146.0,21.84141540527344,
146.1,19.868953704833984,
146.2,18.951709747314453,
146.3,18.77030563354492,
146.4,18.090675354003903,
146.5,17.469810485839844,
146.6,16.9434814453125,
146.7,16.1693115234375,
146.8,15.41303253173828,
146.9,14.97101593017578,
147.0,14.661865234375,
147.1,14.378257751464844,
147.2,14.08954620361328,
147.3,13.675636291503906,
147.4,13.054771423339844,
147.5,12.54888153076172,
147.6,12.311264038085938,
147.7,12.244834899902344,
147.8,12.410911560058594,
147.9,12.924461364746094,
148.0,13.432907104492188,
148.1,13.747177124023438,
148.2,14.23773193359375,
148.3,14.89948272705078,
148.4,15.507568359375,
148.5,16.07988739013672,
148.6,16.386489868164062,
148.7,16.606216430664062,
148.8,16.910263061523438,
148.9,17.51068878173828,
149.0,18.195430755615234,
149.1,18.97470474243164,
149.2,19.8868408203125,
149.3,20.67122268676757,
149.4,21.34318923950196,
149.5,22.28598403930664,
149.6,22.888965606689453,
149.7,23.601810455322266,
149.8,24.29676818847656,
149.9,24.75411605834961,
150.0,25.124588012695312,10.54852294921875
150.1,25.79144287109375,
150.2,26.545169830322266,
150.3,27.16347885131836,
150.4,27.610603332519528,
150.5,27.53139877319336,
150.6,27.010177612304688,
150.7,26.552833557128903,
150.8,26.210464477539062,
150.9,25.952407836914062,
151.0,25.727569580078125,
151.1,25.188465118408203,
151.2,24.358089447021484,
151.3,23.57881546020508,
151.4,22.83275604248047,
151.5,22.050926208496094,
151.6,21.2077751159668,
151.7,20.27519989013672,
151.8,19.117786407470703,
151.9,17.945037841796875,
152.0,16.900047302246094,
152.1,15.872932434082031,
152.2,15.00934600830078,
152.3,14.426803588867188,
152.4,13.938796997070312,
152.5,13.363922119140623,
152.6,12.98834228515625,
152.7,12.873367309570312,
152.8,12.824821472167969,
152.9,12.80182647705078,
153.0,12.812042236328123,
153.1,12.717506408691406,
153.2,12.428794860839844,
153.3,12.260162353515623,
153.4,12.32404327392578,
153.5,12.46967315673828,
153.6,12.640861511230469,
153.7,12.855476379394531,
153.8,12.91424560546875,
153.9,12.702178955078123,
154.0,12.58209228515625,
154.1,12.663856506347656,
154.2,12.76605224609375,
154.3,12.847816467285156,
154.4,12.967903137207031,
154.5,12.939796447753906,
154.6,12.707290649414062,
154.7,12.518218994140623,
154.8,12.444122314453123,
154.9,12.410911560058594,
155.0,12.390472412109377,
155.1,12.444122314453123,
155.2,12.341926574707031,
155.3,12.17840576171875,
155.4,12.244834899902344,
155.5,12.43646240234375,
155.6,12.605087280273438,
155.7,12.73284149169922,
155.8,12.720062255859377,
155.9,12.46967315673828,
156.0,12.301048278808594,
156.1,12.354698181152344,
156.2,12.459457397460938,
156.3,12.605087280273438,
156.4,12.812042236328123,
156.5,12.80438232421875,
156.6,12.674072265625,
156.7,12.865699768066406,
156.8,13.49933624267578,
156.9,14.2939453125,
157.0,15.042556762695312,
157.1,15.775848388671877,
157.2,16.51934814453125,
157.3,17.702316284179688,
157.4,18.87761306762696,
157.5,20.132118225097656,
157.6,22.239994049072266,
157.7,24.020828247070312,
157.8,24.869091033935547,
157.9,26.215576171875,
158.0,28.24679946899414,
158.1,29.690372467041016,
158.2,30.15027236938477,
158.3,29.45787048339844,
158.4,28.13438034057617,
158.5,26.869655609130856,
158.6,25.13480758666992,
158.7,22.68711853027344,
158.8,19.943050384521484,
158.9,17.538795471191406,
159.0,16.010902404785156,
159.1,15.338943481445312,
159.2,15.096214294433594,
159.3,15.390037536621094,
159.4,15.9495849609375,
159.5,15.648094177246094,
159.6,14.879035949707031,
159.7,14.516227722167969,
159.8,14.079322814941406,
159.9,13.568321228027344,
160.0,13.215736389160156,10.34482765197754
160.1,12.663856506347656,
160.2,11.95867156982422,
160.3,11.493667602539062,
160.4,11.29181671142578,
160.5,11.526878356933594,
160.6,12.495223999023438,
160.7,13.177406311035156,
160.8,13.141639709472656,
160.9,13.422691345214844,
161.0,14.19940948486328,
161.1,15.175422668457031,
161.2,16.13098907470703,
161.3,16.634323120117188,
161.4,16.85150146484375,
161.5,17.250076293945312,
161.6,17.80962371826172,
161.7,18.341064453125,
161.8,18.70642852783203,
161.9,18.48669815063477,
162.0,17.47492218017578,
162.1,16.325172424316406,
162.2,15.579109191894531,
162.3,15.180526733398438,
162.4,15.019561767578123,
162.5,14.779396057128906,
162.6,14.408920288085938,
162.7,14.181526184082031,
162.8,14.178970336914062,
162.9,14.355262756347656,
163.0,14.733406066894531,
163.1,15.203521728515623,
163.2,15.326164245605469,
163.3,15.494796752929688,
163.4,16.143768310546875,
163.5,17.063568115234375,
163.6,18.17754364013672,
163.7,19.258308410644528,
163.8,20.045249938964844,
163.9,20.602237701416016,
164.0,21.36874008178711,
164.1,22.352413177490234,
164.2,23.246665954589844,
164.3,23.7832145690918,
164.4,23.73978042602539,
164.5,23.13679885864257,
164.6,22.47760772705078,
164.7,22.007488250732425,
164.8,21.4990463256836,
164.9,20.903728485107425,
165.0,20.252204895019528,
165.1,19.37073135375977,
165.2,18.325733184814453,
165.3,17.449371337890625,
165.4,16.690536499023438,
165.5,16.03900909423828,
165.6,15.466690063476562,
165.7,14.8458251953125,
165.8,14.12786865234375,
165.9,13.6322021484375,
166.0,13.545326232910156,
166.1,13.609207153320312,
166.2,13.719070434570312,
166.3,13.731842041015623,
166.4,13.535110473632812,
166.5,13.397140502929688,
166.6,13.481452941894531,
166.7,13.629646301269531,
166.8,13.770172119140623,
166.9,13.767616271972656,
167.0,13.535110473632812,
167.1,13.35881805419922,
167.2,13.402252197265623,
167.3,13.509559631347656,
167.4,13.606651306152344,
167.5,13.65008544921875,
167.6,13.438018798828123,
167.7,13.159523010253906,
167.8,13.13397216796875,
167.9,13.238731384277344,
168.0,13.335823059082031,
168.1,13.381813049316406,
168.2,13.213180541992188,
168.3,12.967903137207031,
168.4,12.944908142089844,
168.5,13.072654724121094,
168.6,13.192741394042969,
168.7,13.266838073730469,
168.8,13.154411315917969,
168.9,12.960235595703123,
169.0,13.031776428222656,
169.1,13.588768005371094,
169.2,14.60565185546875,
169.3,15.788619995117188,
169.4,16.88982391357422,
169.5,18.077899932861328,
169.6,19.493370056152344,
169.7,20.80408477783203,
169.8,21.96916580200196,
169.9,23.20833969116211,
170.0,24.31976318359375,10.217983245849608
170.1,25.244674682617188,
170.2,25.75312042236328,
170.3,25.5129508972168,
170.4,24.662136077880856,
170.5,23.425514221191406,
170.6,21.79798126220703,
170.7,19.83829498291016,
170.8,17.97058868408203,
170.9,16.534683227539062,
171.0,15.630210876464844,
171.1,14.89948272705078,
171.2,14.043556213378906,
171.3,13.328155517578123,
171.4,12.870811462402344,
171.5,12.515663146972656,
171.6,12.25250244140625,
171.7,11.915237426757812,
171.8,11.391464233398438,
171.9,10.957115173339844,
172.0,10.734832763671877,
172.1,10.56108856201172,
172.2,10.441001892089844,
172.3,10.34136199951172,
172.4,10.08330535888672,
172.5,9.835472106933594,
172.6,9.884017944335936,
172.7,10.170173645019531,
172.8,10.55853271484375,
172.9,10.96222686767578,
173.0,11.273933410644531,
173.1,11.373580932617188,
173.2,11.501327514648438,
173.3,11.84369659423828,
173.4,12.295936584472656,
173.5,12.84014892578125,
173.6,13.565773010253906,
173.7,14.299057006835938,
173.8,14.988906860351562,
173.9,15.936813354492188,
174.0,16.98180389404297,
174.1,18.03190994262696,
174.2,19.329849243164062,
174.3,20.857738494873047,
174.4,21.869518280029297,
174.5,22.439285278320312,
174.6,23.264549255371094,
174.7,24.16390991210937,
174.8,25.114368438720703,
174.9,26.08015823364257,
175.0,26.70613479614257,
175.1,27.176254272460938,
175.2,27.83799743652344,
175.3,28.494632720947266,
175.4,29.00307846069336,
175.5,29.365890502929688,
175.6,29.501304626464844,
175.7,29.29434967041016,
175.8,29.187038421630856,
175.9,29.32756423950196,
176.0,29.05673599243164,
176.1,28.208473205566406,
176.2,26.918197631835938,
176.3,25.101593017578125,
176.4,23.13424301147461,
176.5,21.384071350097656,
176.6,19.753978729248047,
176.7,18.215869903564453,
176.8,16.800399780273438,
176.9,15.482017517089844,
177.0,14.232627868652344,
177.1,13.223396301269531,
177.2,12.094093322753906,
177.3,10.883018493652344,
177.4,10.203392028808594,
177.5,9.866127014160156,
177.6,9.498207092285154,
177.7,9.240158081054688,
177.8,9.153282165527344,
177.9,9.074081420898436,
178.0,9.08174133300781,
178.1,9.242706298828123,
178.2,9.365348815917969,
178.3,9.296363830566406,
178.4,9.206939697265623,
178.5,9.183944702148436,
178.6,9.34490966796875,
178.7,9.751152038574215,
178.8,10.328582763671877,
178.9,10.653068542480469,
179.0,11.161514282226562,
179.1,12.042991638183594,
179.2,13.154411315917969,
179.3,14.27350616455078,
179.4,15.369598388671877,
179.5,16.266403198242188,
179.6,16.974136352539062,
179.7,17.87094497680664,
179.8,18.89805603027344,
179.9,20.07846450805664,
180.0,21.034034729003903,10.141987800598145
180.1,21.596134185791016,
180.2,22.283428192138672,
180.3,23.090808868408203,
180.4,23.77043914794921,
180.5,24.48583984375,
180.6,25.155250549316406,
180.7,25.6228141784668,
180.8,25.924304962158203,
180.9,26.34332275390625,
181.0,26.770008087158203,
181.1,27.1277084350586,
181.2,27.324443817138672,
181.3,26.94886016845703,
181.4,26.179805755615234,
181.5,25.474624633789062,
181.6,24.8103256225586,
181.7,24.123027801513672,
181.8,23.374412536621094,
181.9,22.395851135253903,
182.0,21.30997467041016,
182.1,20.42850112915039,
182.2,19.51380920410156,
182.3,18.325733184814453,
182.4,17.119773864746094,
182.5,16.016014099121094,
182.6,14.93780517578125,
182.7,14.107429504394531,
182.8,13.535110473632812,
182.9,13.085426330566406,
183.0,12.681739807128906,
183.1,12.303596496582031,
183.2,11.864143371582031,
183.3,11.33270263671875,
183.4,10.969886779785156,
183.5,10.803817749023438,
183.6,10.724609375,
183.7,10.727165222167969,
183.8,10.849807739257812,
183.9,10.96733856201172,
184.0,10.959671020507812,
184.1,11.082313537597656,
184.2,11.422126770019531,
184.3,11.84625244140625,
184.4,12.242279052734377,
184.5,12.566764831542969,
184.6,12.725173950195312,
184.7,12.58209228515625,
184.8,12.39813232421875,
184.9,12.3802490234375,
185.0,12.43646240234375,
185.1,12.46967315673828,
185.2,12.518218994140623,
185.3,12.523330688476562,
185.4,12.275497436523438,
185.5,11.999557495117188,
185.6,11.953567504882812,
185.7,12.040435791015623,
185.8,12.147743225097656,
185.9,12.272941589355469,
186.0,12.25250244140625,
186.1,12.007217407226562,
186.2,11.830924987792969,
186.3,11.874359130859377,
186.4,12.002113342285156,
186.5,12.117088317871094,
186.6,12.237167358398438,
186.7,12.134971618652344,
186.8,11.859031677246094,
186.9,11.749168395996094,
187.0,11.823257446289062,
187.1,11.951011657714844,
187.2,12.055763244628906,
187.3,12.088981628417969,
187.4,11.88458251953125,
187.5,11.672515869140623,
187.6,11.682731628417969,
187.7,11.820701599121094,
187.8,11.979118347167969,
187.9,12.083869934082031,
188.0,11.974006652832031,
188.1,11.790046691894531,
188.2,11.7926025390625,
188.3,11.899909973144531,
188.4,12.037879943847656,
188.5,12.17584991455078,
188.6,12.076202392578123,
188.7,11.815597534179688,
188.8,11.731277465820312,
188.9,11.823257446289062,
189.0,11.974006652832031,
189.1,12.111976623535156,
189.2,12.02765655517578,
189.3,11.782379150390623,
189.4,11.705726623535156,
189.5,11.787490844726562,
189.6,11.938232421875,
189.7,12.06598663330078,
189.8,11.940788269042969,
189.9,11.715950012207031,
190.0,11.70317840576172,10.688836097717283
190.1,11.838592529296877,
190.2,12.022552490234377,
190.3,12.109420776367188,
190.4,11.935676574707031,
190.5,11.73383331298828,
190.6,11.756828308105469,
190.7,11.905021667480469,
190.8,12.091537475585938,
190.9,12.099197387695312,
191.0,11.897354125976562,
191.1,11.800262451171877,
191.2,11.938232421875,
191.3,12.262718200683594,
191.4,12.904022216796877,
191.5,13.83404541015625,
191.6,14.917366027832031,
191.7,16.156539916992188,
191.8,17.579673767089844,
191.9,19.018138885498047,
192.0,20.13978576660156,
192.1,21.049365997314453,
192.2,22.09691619873047,
192.3,23.297763824462887,
192.4,24.536937713623047,
192.5,26.14403533935547,
192.6,27.96319580078125,
192.7,29.345447540283203,
192.8,30.594844818115234,
192.9,31.86212539672852,
193.0,32.810028076171875,
193.1,33.2827033996582,
193.2,32.69505310058594,
193.3,31.06752014160156,
193.4,29.118053436279297,
193.5,26.979518890380856,
193.6,24.769443511962887,
193.7,22.694786071777344,
193.8,20.45404815673828,
193.9,18.003803253173828,
194.0,16.087554931640625,
194.1,14.948020935058594,
194.2,14.194297790527344,
194.3,13.629646301269531,
194.4,13.10076141357422,
194.5,12.39557647705078,
194.6,11.70317840576172,
194.7,11.307151794433594,
194.8,11.03632354736328,
194.9,10.806373596191406,
195.0,10.676063537597656,
195.1,10.578971862792969,
195.2,10.277488708496094,
195.3,9.950447082519531,
195.4,9.871238708496092,
195.5,10.0245361328125,
195.6,10.366912841796877,
195.7,10.941787719726562,
195.8,11.746612548828123,
195.9,12.30615234375,
196.0,12.704734802246094,
196.1,13.28216552734375,
196.2,13.926025390625,
196.3,14.710411071777344,
196.4,15.640426635742188,
196.5,16.422256469726562,
196.6,16.736526489257812,
196.7,16.900047302246094,
196.8,17.23474884033203,
196.9,17.6793212890625,
197.0,18.22864532470703,
197.1,18.8929443359375,
197.2,19.472930908203125,
197.3,20.032474517822266,
197.4,20.91650390625,
197.5,21.994712829589844,
197.6,23.03204345703125,
197.7,24.036159515380856,
197.8,24.87164306640625,
197.9,25.47718048095703,
198.0,26.202800750732425,
198.1,27.061279296875,
198.2,27.93253326416016,
198.3,28.82933807373047,
198.4,29.45531463623047,
198.5,29.774688720703125,
198.6,30.186042785644528,
198.7,30.661273956298828,
198.8,31.03430557250977,
198.9,31.289802551269528,
199.0,31.09051513671875,
199.1,30.426212310791016,
199.2,29.70570373535156,
199.3,29.00307846069336,
199.4,28.25446319580078,
199.5,27.457305908203125,
199.6,26.445526123046875,
199.7,25.106704711914062,
199.8,23.83942413330078,
199.9,22.863414764404297,
200.0,22.007488250732425,8.362369537353516
200.1,21.17200469970703,
200.2,20.318634033203125,
200.3,19.294078826904297,
200.4,18.044685363769528,
200.5,16.838722229003906,
200.6,15.737518310546877,
200.7,14.741065979003906,
200.8,13.949020385742188,
200.9,13.351150512695312,
201.0,12.714958190917969,
201.1,12.002113342285156,
201.2,11.51410675048828,
201.3,11.266273498535156,
201.4,11.10785675048828,
201.5,10.980110168457031,
201.6,10.895797729492188,
201.7,10.803817749023438,
201.8,10.773155212402344,
201.9,11.041427612304688,
202.0,11.51410675048828,
202.1,12.022552490234377,
202.2,12.533546447753906,
202.3,12.944908142089844,
202.4,13.10076141357422,
202.5,13.223396301269531,
202.6,13.514671325683594,
202.7,13.857040405273438,
202.8,14.189186096191406,
202.9,14.49578857421875,
203.0,14.6976318359375,
203.1,14.64398193359375,
203.2,14.526451110839844,
203.3,14.396141052246094,
203.4,14.2939453125,
203.5,14.516227722167969,
203.6,14.67974853515625,
203.7,14.398696899414062,
203.8,14.107429504394531,
203.9,14.107429504394531,
204.0,14.186637878417969,
204.1,14.227516174316406,
204.2,14.24028778076172,
204.3,13.87236785888672,
204.4,13.228507995605469,
204.5,12.80182647705078,
204.6,12.385360717773438,
204.7,11.869247436523438,
204.8,11.29181671142578,
204.9,10.548316955566406,
205.0,10.093528747558594,
205.1,10.315811157226562,
205.2,10.85236358642578,
205.3,11.29692840576172,
205.4,11.73894500732422,
205.5,12.316375732421877,
205.6,13.159523010253906,
205.7,14.304161071777344,
205.8,15.584220886230469,
205.9,16.948593139648438,
206.0,18.16987991333008,
206.1,19.288970947265625,
206.2,20.548583984375,
206.3,21.78009414672852,
206.4,22.94517517089844,
206.5,23.967174530029297,
206.6,24.534385681152344,
206.7,25.04282760620117,
206.8,25.852764129638672,
206.9,26.716354370117188,
207.0,27.51606750488281,
207.1,28.047508239746094,
207.2,28.106273651123047,
207.3,27.95297241210937,
207.4,27.771568298339844,
207.5,27.46752548217773,
207.6,26.99740600585937,
207.7,25.8834228515625,
207.8,24.3018798828125,
207.9,22.743328094482425,
208.0,20.901172637939453,
208.1,18.910831451416016,
208.2,17.288406372070312,
208.3,15.878044128417969,
208.4,14.684860229492188,
208.5,14.041000366210938,
208.6,13.734397888183594,
208.7,13.491676330566406,
208.8,13.182518005371094,
208.9,12.740501403808594,
209.0,12.367477416992188,
209.1,12.260162353515623,
209.2,12.170738220214844,
209.3,12.03276824951172,
209.4,11.99700164794922,
209.5,11.984222412109377,
209.6,11.930572509765623,
209.7,12.053207397460938,
209.8,12.43646240234375,
209.9,13.039436340332031,
210.0,13.805938720703123,6.9284067153930655
210.1,14.64398193359375,
210.2,15.328720092773438,
210.3,15.903594970703123,
210.4,16.79273223876953,
210.5,18.200538635253903,
210.6,19.797412872314453,
210.7,21.149009704589844,
210.8,22.521045684814453,
210.9,23.486835479736328,
211.0,24.626365661621094,
211.1,26.14403533935547,
211.2,27.78689956665039,
211.3,29.061843872070312,
211.4,29.853893280029297,
211.5,30.37000274658203,
211.6,30.957653045654297,
211.7,31.55297088623047,
211.8,32.526424407958984,
211.9,33.10129928588867,
212.0,33.24693298339844,
212.1,32.781925201416016,
212.2,31.683273315429688,
212.3,30.423660278320312,
212.4,29.46042251586914,
212.5,28.773128509521484,
212.6,28.10116577148437,
212.7,27.171142578125,
212.8,25.875759124755856,
212.9,24.557380676269528,
213.0,23.410182952880856,
213.1,22.196559906005856,
213.2,20.84241104125977,
213.3,19.337512969970703,
213.4,17.556678771972656,
213.5,15.816726684570312,
213.6,14.67719268798828,
213.7,14.012893676757812,
213.8,13.565773010253906,
213.9,13.302604675292969,
214.0,13.085426330566406,
214.1,12.720062255859377,
214.2,12.421127319335938,
214.3,12.28571319580078,
214.4,12.17584991455078,
214.5,12.08642578125,
214.6,11.879470825195312,
214.7,11.483444213867188,
214.8,11.225387573242188,
214.9,11.284156799316406,
215.0,11.503883361816406,
215.1,11.77216339111328,
215.2,11.928016662597656,
215.3,11.851364135742188,
215.4,11.859031677246094,
215.5,12.226951599121094,
215.6,12.893806457519531,
215.7,13.83148956298828,
215.8,14.802391052246094,
215.9,15.678756713867188,
216.0,16.716087341308594,
216.1,17.858169555664062,
216.2,18.87506103515625,
216.3,19.779529571533203,
216.4,20.510257720947266,
216.5,21.225658416748047,
216.6,22.02281951904297,
216.7,22.669235229492188,
216.8,23.10358428955078,
216.9,23.13679885864257,
217.0,22.69223022460937,
217.1,22.245105743408203,
217.2,21.994712829589844,
217.3,21.813308715820312,
217.4,21.596134185791016,
217.5,21.013595581054688,
217.6,20.30841445922852,
217.7,19.776973724365234,
217.8,19.153553009033203,
217.9,18.274635314941406,
218.0,17.017578125,
218.1,15.56378173828125,
218.2,14.465126037597656,
218.3,13.811050415039062,
218.4,13.409912109375,
218.5,13.085426330566406,
218.6,12.599983215332031,
218.7,12.147743225097656,
218.8,11.99700164794922,
218.9,12.08642578125,
219.0,12.318931579589844,
219.1,12.462013244628906,
219.2,12.375137329101562,
219.3,12.349586486816406,
219.4,12.559097290039062,
219.5,12.87847137451172,
219.6,13.192741394042969,
219.7,13.248947143554688,
219.8,13.052215576171877,
219.9,12.957679748535156,
220.0,13.039436340332031,10.1010103225708
220.1,13.192741394042969,
220.2,13.3741455078125,
220.3,13.328155517578123,
220.4,13.072654724121094,
220.5,12.978118896484377,
220.6,13.067543029785156,
220.7,13.215736389160156,
220.8,13.381813049316406,
220.9,13.409912109375,
221.0,13.162078857421877,
221.1,12.94745635986328,
221.2,12.975563049316406,
221.3,13.13397216796875,
221.4,13.35370635986328,
221.5,13.568321228027344,
221.6,13.522331237792969,
221.7,13.302604675292969,
221.8,13.274497985839844,
221.9,13.450798034667969,
222.0,14.012893676757812,
222.1,14.511116027832031,
222.2,14.380813598632812,
222.3,13.770172119140623,
222.4,12.781387329101562,
222.5,11.756828308105469,
222.6,11.189620971679688,
222.7,11.07720184326172,
222.8,11.069534301757812,
222.9,11.061866760253906,
223.0,11.102752685546877,
223.1,11.156402587890623,
223.2,11.07720184326172,
223.3,11.005661010742188,
223.4,11.03887176513672,
223.5,10.74504852294922,
223.6,10.479331970214844,
223.7,10.826812744140623,
223.8,11.682731628417969,
223.9,12.809486389160156,
224.0,13.816162109375,
224.1,14.467681884765623,
224.2,15.134536743164062,
224.3,16.120773315429688,
224.4,17.2015380859375,
224.5,18.2644157409668,
224.6,19.16888427734375,
224.7,19.868953704833984,
224.8,20.722324371337887,
224.9,21.94872283935547,
225.0,23.336090087890625,
225.1,24.562488555908203,
225.2,25.40819549560547,
225.3,26.04438781738281,
225.4,26.463409423828125,
225.5,26.49151611328125,
225.6,26.30500030517578,
225.7,25.68924331665039,
225.8,24.644248962402344,
225.9,23.68867874145508,
226.0,22.82508850097656,
226.1,21.813308715820312,
226.2,20.5051498413086,
226.3,18.53779983520508,
226.4,16.42481231689453,
226.5,15.333831787109377,
226.6,15.091102600097656,
226.7,14.75128936767578,
226.8,14.074211120605469,
226.9,13.1160888671875,
227.0,12.449234008789062,
227.1,12.497779846191406,
227.2,12.709846496582031,
227.3,12.720062255859377,
227.4,12.525886535644531,
227.5,12.206512451171877,
227.6,12.091537475585938,
227.7,12.168182373046877,
227.8,12.36492156982422,
227.9,12.84270477294922,
228.0,13.343482971191406,
228.1,13.813606262207031,
228.2,14.49323272705078,
228.3,15.367042541503906,
228.4,16.53978729248047,
228.5,18.724315643310547,
228.6,21.08768844604492,
228.7,22.4546127319336,
228.8,23.32075881958008,
228.9,24.248226165771484,
229.0,25.31621551513672,
229.1,26.15169906616211,
229.2,26.56050109863281,
229.3,27.03062057495117,
229.4,27.85844039916992,
229.5,28.665821075439453,
229.6,29.317344665527344,
229.7,29.603504180908203,
229.8,29.491085052490234,
229.9,29.388885498046875,
230.0,29.43742752075196,10.1010103225708
230.1,29.56262588500977,
230.2,29.33012008666992,
230.3,28.33111572265625,
230.4,27.36021423339844,
230.5,26.73423767089844,
230.6,26.01628494262696,
230.7,25.19868469238281,
230.8,23.985057830810547,
230.9,22.10713577270508,
231.0,19.955825805664062,
231.1,18.029354095458984,
231.2,16.53978729248047,
231.3,15.441139221191406,
231.4,14.30927276611328,
231.5,13.3741455078125,
231.6,12.870811462402344,
231.7,12.423683166503906,
231.8,12.007217407226562,
231.9,11.511550903320312,
232.0,11.115524291992188,
232.1,11.00054931640625,
232.2,10.946891784667969,
232.3,10.903457641601562,
232.4,10.842140197753906,
232.5,10.637741088867188,
232.6,10.461448669433594,
232.7,10.502326965332031,
232.8,10.699058532714844,
232.9,10.96478271484375,
233.0,11.087417602539062,
233.1,11.100196838378906,
233.2,11.279045104980469,
233.3,11.593307495117188,
233.4,11.938232421875,
233.5,12.301048278808594,
233.6,12.36236572265625,
233.7,12.329147338867188,
233.8,12.76605224609375,
233.9,13.65008544921875,
234.0,14.843269348144531,
234.1,16.174423217773438,
234.2,17.2015380859375,
234.3,17.893939971923828,
234.4,18.839290618896484,
234.5,20.073352813720703,
234.6,21.28697967529297,
234.7,22.561923980712887,
234.8,23.821540832519528,
234.9,24.800106048583984,
235.0,25.748008728027344,
235.1,26.7674560546875,
235.2,27.86610412597656,
235.3,29.077175140380856,
235.4,30.415992736816406,
235.5,31.84679412841797,
235.6,32.50087356567383,
235.7,32.02564239501953,
235.8,31.103290557861328,
235.9,30.224369049072266,
236.0,29.253467559814453,
236.1,27.79456329345703,
236.2,26.05205535888672,
236.3,24.39641571044921,
236.4,22.91196060180664,
236.5,21.55270004272461,
236.6,20.045249938964844,
236.7,18.43304443359375,
236.8,17.112106323242188,
236.9,16.092666625976562,
237.0,15.1038818359375,
237.1,14.224960327148438,
237.2,13.496788024902344,
237.3,12.720062255859377,
237.4,12.127304077148438,
237.5,11.948455810546877,
237.6,11.92290496826172,
237.7,11.948455810546877,
237.8,12.053207397460938,
237.9,12.037879943847656,
238.0,11.928016662597656,
238.1,12.025108337402344,
238.2,12.298492431640623,
238.3,12.610198974609377,
238.4,12.95256805419922,
238.5,13.24639129638672,
238.6,13.292381286621094,
238.7,13.397140502929688,
238.8,13.79827117919922,
238.9,14.176414489746094,
239.0,14.53156280517578,
239.1,14.93780517578125,
239.2,15.131988525390623,
239.3,15.331275939941406,
239.4,15.74774169921875,
239.5,16.18975830078125,
239.6,16.588333129882812,
239.7,16.882156372070312,
239.8,16.838722229003906,
239.9,16.672653198242188,
240.0,16.675201416015625,10.160881042480469
240.1,16.70075225830078,
240.2,16.710975646972656,
240.3,16.59600067138672,
240.4,16.21019744873047,
240.5,15.883155822753906,
240.6,15.852493286132812,
240.7,15.901039123535156,
240.8,15.954696655273438,
240.9,15.908706665039062,
241.0,15.60210418701172,
241.1,15.338943481445312,
241.2,15.338943481445312,
241.3,15.4334716796875,
241.4,15.52545166015625,
241.5,15.4718017578125,
241.6,15.175422668457031,
241.7,14.930137634277344,
241.8,14.925025939941406,
241.9,15.001678466796877,
242.0,15.08344268798828,
242.1,15.022117614746094,
242.2,14.695075988769531,
242.3,14.406364440917969,
242.4,14.393592834472656,
242.5,14.49578857421875,
242.6,14.564773559570312,
242.7,14.437026977539062,
242.8,14.132980346679688,
242.9,13.9617919921875,
243.0,14.081878662109377,
243.1,14.552001953125,
243.2,15.420700073242188,
243.3,16.381378173828125,
243.4,17.526020050048828,
243.5,19.26342010498047,
243.6,21.04425430297852,
243.7,22.638572692871094,
243.8,24.169017791748047,
243.9,25.30599594116211,
244.0,26.12359619140625,
244.1,26.266674041748047,
244.2,25.93708038330078,
244.3,25.78377914428711,
244.4,25.5129508972168,
244.5,24.8869743347168,
244.6,24.57270812988281,
244.7,24.78988265991211,
244.8,25.014724731445312,
244.9,24.95595932006836,
245.0,24.20478820800781,
245.1,23.085700988769528,
245.2,22.08158493041992,
245.3,20.89606475830078,
245.4,19.391170501708984,
245.5,17.766189575195312,
245.6,16.30217742919922,
245.7,15.3619384765625,
245.8,14.86115264892578,
245.9,14.480461120605469,
246.0,14.084434509277344,
246.1,13.458457946777344,
246.2,12.829933166503906,
246.3,12.487556457519531,
246.4,12.347038269042969,
246.5,12.311264038085938,
246.6,12.201400756835938,
246.7,11.935676574707031,
246.8,11.784934997558594,
246.9,11.892242431640623,
247.0,12.053207397460938,
247.1,12.198844909667969,
247.2,12.14263153076172,
247.3,11.88202667236328,
247.4,11.800262451171877,
247.5,11.945899963378906,
247.6,12.099197387695312,
247.7,12.237167358398438,
247.8,12.25505828857422,
247.9,12.02765655517578,
248.0,11.861587524414062,
248.1,11.951011657714844,
248.2,12.081314086914062,
248.3,12.203956604003906,
248.4,12.29082489013672,
248.5,12.10430908203125,
248.6,11.84625244140625,
248.7,11.84369659423828,
248.8,11.9765625,
248.9,12.109420776367188,
249.0,12.232063293457031,
249.1,12.14008331298828,
249.2,11.84369659423828,
249.3,11.70062255859375,
249.4,11.784934997558594,
249.5,11.907577514648438,
249.6,11.99188995361328,
249.7,12.035324096679688,
249.8,11.830924987792969,
249.9,11.575424194335938,
250.0,11.59075164794922,9.677419662475586
250.1,11.73638916015625,
250.2,11.874359130859377,
250.3,12.007217407226562,
250.4,11.99188995361328,
250.5,11.73638916015625,
250.6,11.560096740722656,
250.7,11.634193420410156,
250.8,11.761940002441406,
250.9,11.859031677246094,
251.0,11.945899963378906,
251.1,11.777267456054688,
251.2,11.455337524414062,
251.3,11.319923400878906,
251.4,11.355697631835938,
251.5,11.503883361816406,
251.6,11.767051696777344,
251.7,12.224395751953123,
251.8,12.722618103027344,
251.9,13.522331237792969,
252.0,14.651641845703123,
252.1,15.903594970703123,
252.2,17.487693786621094,
252.3,19.1510009765625,
252.4,20.6226806640625,
252.5,22.201667785644528,
252.6,24.347869873046875,
252.7,26.86454391479492,
252.8,29.151268005371094,
252.9,29.491085052490234,
253.0,26.96674346923828,
253.1,23.910964965820312,
253.2,21.831195831298828,
253.3,20.211322784423828,
253.4,18.724315643310547,
253.5,17.224533081054688,
253.6,15.757957458496094,
253.7,14.60565185546875,
253.8,13.86981201171875,
253.9,13.42780303955078,
254.0,13.082878112792969,
254.1,12.58209228515625,
254.2,11.92290496826172,
254.3,11.455337524414062,
254.4,11.153846740722656,
254.5,10.78337860107422,
254.6,10.41290283203125,
254.7,9.97088623046875,
254.8,9.625961303710936,
254.9,9.648956298828123,
255.0,10.07819366455078,
255.1,10.89324188232422,
255.2,11.825813293457031,
255.3,12.505447387695312,
255.4,13.018997192382812,
255.5,13.75739288330078,
255.6,14.64142608642578,
255.7,15.474357604980469,
255.8,16.26129150390625,
255.9,16.9434814453125,
256.0,17.462142944335938,
256.1,18.044685363769528,
256.2,18.573570251464844,
256.3,18.72942352294921,
256.4,18.591453552246094,
256.5,18.274635314941406,
256.6,17.643550872802734,
256.7,16.823394775390625,
256.8,16.159095764160156,
256.9,15.630210876464844,
257.0,15.142204284667969,
257.1,14.7359619140625,
257.2,14.391036987304688,
257.3,13.91069793701172,
257.4,13.42780303955078,
257.5,13.187629699707031,
257.6,13.113533020019531,
257.7,13.103317260742188,
257.8,13.080322265625,
257.9,12.975563049316406,
258.0,12.615310668945312,
258.1,12.232063293457031,
258.2,12.111976623535156,
258.3,12.165626525878906,
258.4,12.257606506347656,
258.5,12.382804870605469,
258.6,12.46967315673828,
258.7,12.275497436523438,
258.8,12.035324096679688,
258.9,12.040435791015623,
259.0,12.183517456054688,
259.1,12.32659149169922,
259.2,12.451789855957031,
259.3,12.36492156982422,
259.4,12.08642578125,
259.5,11.9765625,
259.6,12.035324096679688,
259.7,12.132415771484377,
259.8,12.247390747070312,
259.9,12.39557647705078,
260.0,12.354698181152344,7.915566921234131
260.1,12.081314086914062,
260.2,11.930572509765623,
260.3,11.999557495117188,
260.4,12.129859924316406,
260.5,12.242279052734377,
260.6,12.370033264160156,
260.7,12.339370727539062,
260.8,12.111976623535156,
260.9,12.007217407226562,
261.0,12.096641540527344,
261.1,12.221839904785156,
261.2,12.311264038085938,
261.3,12.416023254394531,
261.4,12.329147338867188,
261.5,12.08642578125,
261.6,12.111976623535156,
261.7,12.47478485107422,
261.8,12.760948181152344,
261.9,12.824821472167969,
262.0,12.740501403808594,
262.1,12.336814880371094,
262.2,11.899909973144531,
262.3,11.70317840576172,
262.4,11.557540893554688,
262.5,11.279045104980469,
262.6,11.03632354736328,
262.7,10.862579345703123,
262.8,10.494659423828123,
262.9,10.236602783203123,
263.0,10.147178649902344,
263.1,9.93255615234375,
263.2,9.761375427246092,
263.3,9.912117004394531,
263.4,10.384796142578123,
263.5,11.03887176513672,
263.6,11.897354125976562,
263.7,12.863143920898438,
263.8,13.897918701171877,
263.9,15.144760131835938,
264.0,16.5372314453125,
264.1,17.840286254882812,
264.2,19.1433334350586,
264.3,20.47449111938477,
264.4,21.61146545410156,
264.5,22.67179107666016,
264.6,23.76277542114257,
264.7,24.48839569091797,
264.8,24.825653076171875,
264.9,25.168025970458984,
265.0,26.098045349121094,
265.1,27.533954620361328,
265.2,28.180370330810547,
265.3,27.390872955322266,
265.4,26.207908630371094,
265.5,25.346874237060547,
265.6,24.345314025878903,
265.7,22.92218017578125,
265.8,21.118350982666016,
265.9,19.10245513916016,
266.0,17.23474884033203,
266.1,15.885711669921877,
266.2,14.965911865234377,
266.3,14.38336944580078,
266.4,14.296501159667969,
266.5,14.212181091308594,
266.6,13.805938720703123,
266.7,13.453346252441406,
266.8,13.192741394042969,
266.9,12.93212890625,
267.0,12.681739807128906,
267.1,12.349586486816406,
267.2,11.80792999267578,
267.3,11.26116180419922,
267.4,10.92389678955078,
267.5,10.803817749023438,
267.6,10.941787719726562,
267.7,11.212615966796877,
267.8,11.235610961914062,
267.9,10.900901794433594,
268.0,11.046539306640623,
268.1,12.014884948730469,
268.2,13.271942138671877,
268.3,14.549446105957031,
268.4,15.908706665039062,
268.5,17.2730712890625,
268.6,18.548019409179688,
268.7,19.95837783813477,
268.8,21.48882293701172,
268.9,23.090808868408203,
269.0,24.7771110534668,
269.1,26.26411819458008,
269.2,27.268234252929688,
269.3,28.21102905273437,
269.4,29.445095062255856,
269.5,30.71237564086914,
269.6,31.966880798339844,
269.7,33.31591796875,
269.8,34.611305236816406,
269.9,35.43656921386719,
270.0,35.94245910644531,6.939090251922608
270.1,36.27460861206056,
270.2,36.287384033203125,
270.3,35.817264556884766,
270.4,34.70583724975586,
270.5,32.70782852172852,
270.6,29.979087829589844,
270.7,27.29634094238281,
270.8,24.835872650146484,
270.9,22.40095901489257,
271.0,20.022254943847656,
271.1,17.837730407714844,
271.2,15.92914581298828,
271.3,14.554557800292969,
271.4,13.782943725585938,
271.5,13.17230224609375,
271.6,12.62297821044922,
271.7,12.311264038085938,
271.8,12.147743225097656,
271.9,11.815597534179688,
272.0,11.319923400878906,
272.1,10.936676025390623,
272.2,10.681175231933594,
272.3,10.52276611328125,
272.4,10.402679443359377,
272.5,10.277488708496094,
272.6,10.014320373535156,
272.7,9.521202087402346,
272.8,9.1788330078125,
272.9,9.194168090820312,
273.0,9.421562194824215,
273.1,9.76904296875,
273.2,10.167617797851562,
273.3,10.535537719726562,
273.4,10.48699188232422,
273.5,10.3209228515625,
273.6,10.553428649902344,
273.7,10.88813018798828,
273.8,11.450233459472656,
273.9,12.341926574707031,
274.0,13.24639129638672,
274.1,13.864707946777344,
274.2,14.506011962890623,
274.3,15.648094177246094,
274.4,17.27562713623047,
274.5,18.6655502319336,
274.6,19.570018768310547,
274.7,20.34929275512696,
274.8,21.049365997314453,
274.9,21.9768295288086,
275.0,23.11635971069336,
275.1,24.324874877929688,
275.2,25.594707489013672,
275.3,26.78789520263672,
275.4,27.674480438232425,
275.5,28.494632720947266,
275.6,29.493640899658203,
275.7,30.68938064575196,
275.8,32.00520324707031,
275.9,33.02465057373047,
276.0,33.351688385009766,
276.1,33.12173843383789,
276.2,32.710384368896484,
276.3,32.28881072998047,
276.4,31.859569549560547,
276.5,31.218265533447266,
276.6,30.07362365722656,
276.7,28.66070938110352,
276.8,27.35765838623047,
276.9,26.054607391357425,
277.0,24.710678100585938,
277.1,23.366748809814453,
277.2,21.902732849121094,
277.3,20.17044448852539,
277.4,18.450927734375,
277.5,16.8336181640625,
277.6,15.372154235839844,
277.7,14.370597839355469,
277.8,13.808494567871094,
277.9,13.43035125732422,
278.0,13.070098876953123,
278.1,12.758392333984377,
278.2,12.495223999023438,
278.3,12.272941589355469,
278.4,12.081314086914062,
278.5,11.805374145507812,
278.6,11.3505859375,
278.7,10.946891784667969,
278.8,10.837028503417969,
278.9,10.992881774902344,
279.0,11.302040100097656,
279.1,11.62652587890625,
279.2,11.851364135742188,
279.3,11.7926025390625,
279.4,11.65973663330078,
279.5,11.726173400878906,
279.6,11.892242431640623,
279.7,12.055763244628906,
279.8,12.17840576171875,
279.9,12.295936584472656,
280.0,12.221839904785156,7.778738021850587
280.1,11.938232421875,
280.2,11.782379150390623,
280.3,11.833480834960938,
280.4,11.948455810546877,
280.5,12.042991638183594,
280.6,12.145187377929688,
280.7,12.163078308105469,
280.8,11.935676574707031,
280.9,11.721061706542969,
281.0,11.764495849609377,
281.1,11.92034912109375,
281.2,12.037879943847656,
281.3,12.088981628417969,
281.4,12.134971618652344,
281.5,12.492668151855469,
281.6,13.5938720703125,
281.7,15.285285949707031,
281.8,17.119773864746094,
281.9,18.859729766845703,
282.0,20.37228775024414,
282.1,21.639568328857425,
282.2,22.630908966064453,
282.3,23.71934127807617,
282.4,25.19102096557617,
282.5,26.716354370117188,
282.6,28.05517578125,
282.7,29.376110076904297,
282.8,30.482425689697266,
282.9,31.289802551269528,
283.0,32.186607360839844,
283.1,33.269927978515625,
283.2,34.539764404296875,
283.3,35.8581428527832,
283.4,36.42279815673828,
283.5,35.745723724365234,
283.6,34.50654983520508,
283.7,32.97099304199219,
283.8,30.86311721801757,
283.9,28.019405364990234,
284.0,24.406635284423828,
284.1,20.69677352905273,
284.2,17.98080825805664,
284.3,16.450363159179688,
284.4,15.591888427734377,
284.5,15.0655517578125,
284.6,14.490676879882812,
284.7,13.678192138671877,
284.8,12.80693817138672,
284.9,12.094093322753906,
285.0,11.611198425292969,
285.1,11.396575927734377,
285.2,11.317367553710938,
285.3,11.069534301757812,
285.4,10.678619384765623,
285.5,10.586639404296877,
285.6,10.9085693359375,
285.7,11.33270263671875,
285.8,11.726173400878906,
285.9,12.111976623535156,
286.0,12.459457397460938,
286.1,12.980674743652344,
286.2,13.94646453857422,
286.3,15.318496704101562,
286.4,16.989471435546875,
286.5,18.481590270996094,
286.6,19.58023834228516,
286.7,20.441272735595703,
286.8,21.246101379394528,
286.9,22.084140777587887,
287.0,22.92728805541992,
287.1,23.92884826660156,
287.2,25.068378448486328,
287.3,25.88597869873047,
287.4,26.52217483520508,
287.5,27.477745056152344,
287.6,28.382213592529297,
287.7,28.81145477294921,
287.8,28.852333068847656,
287.9,28.387325286865234,
288.0,27.43941879272461,
288.1,26.445526123046875,
288.2,25.32132339477539,
288.3,23.92118453979492,
288.4,22.29364776611328,
288.5,20.466823577880856,
288.6,18.389610290527344,
288.7,16.5372314453125,
288.8,15.356826782226562,
288.9,14.49834442138672,
289.0,13.793167114257812,
289.1,13.162078857421877,
289.2,12.39813232421875,
289.3,11.710838317871094,
289.4,11.299484252929688,
289.5,11.033767700195312,
289.6,10.946891784667969,
289.7,11.082313537597656,
289.8,11.156402587890623,
289.9,11.082313537597656,
290.0,11.087417602539062,10.638298034667969
290.1,11.18450927734375,
290.2,11.325035095214844,
290.3,11.501327514648438,
290.4,11.695510864257812,
290.5,11.657188415527344,
290.6,11.468116760253906,
290.7,11.447677612304688,
290.8,11.634193420410156,
290.9,11.966339111328123,
291.0,12.298492431640623,
291.1,12.525886535644531,
291.2,12.513107299804688,
291.3,12.477340698242188,
291.4,12.61786651611328,
291.5,12.791603088378906,
291.6,12.91168975830078,
291.7,12.98834228515625,
291.8,12.8963623046875,
291.9,12.569320678710938,
292.0,12.32404327392578,
292.1,12.295936584472656,
292.2,12.344482421875,
292.3,12.370033264160156,
292.4,12.329147338867188,
292.5,12.08642578125,
292.6,11.815597534179688,
292.7,11.784934997558594,
292.8,11.928016662597656,
292.9,12.083869934082031,
293.0,12.186073303222656,
293.1,12.083869934082031,
293.2,11.823257446289062,
293.3,11.705726623535156,
293.4,11.7542724609375,
293.5,11.899909973144531,
293.6,12.145187377929688,
293.7,12.114532470703123,
293.8,11.767051696777344,
293.9,11.473228454589844,
294.0,11.33014678955078,
294.1,11.289268493652344,
294.2,11.176841735839844,
294.3,10.699058532714844,
294.4,10.134407043457031,
294.5,9.881462097167969,
294.6,9.79969787597656,
294.7,9.740936279296877,
294.8,9.608078002929688,
294.9,9.260597229003906,
295.0,9.104736328125,
295.1,9.41645050048828,
295.2,9.746047973632812,
295.3,10.469108581542969,
295.4,11.427238464355469,
295.5,12.265274047851562,
295.6,13.32048797607422,
295.7,14.518783569335938,
295.8,15.883155822753906,
295.9,17.357391357421875,
296.0,18.594009399414062,
296.1,19.779529571533203,
296.2,21.08002471923828,
296.3,22.273208618164062,
296.4,23.39740753173828,
296.5,24.50372314453125,
296.6,25.891090393066406,
296.7,27.5390625,
296.8,29.141048431396484,
296.9,30.530967712402344,
297.0,31.36389923095703,
297.1,31.951549530029297,
297.2,32.554527282714844,
297.3,32.88923263549805,
297.4,32.91989517211914,
297.5,32.56219482421875,
297.6,31.40222549438477,
297.7,29.700595855712887,
297.8,27.97596740722656,
297.9,26.2487907409668,
298.0,24.595703125,
298.1,22.827644348144528,
298.2,20.74020767211914,
298.3,18.583789825439453,
298.4,16.751853942871094,
298.5,15.423255920410156,
298.6,14.585212707519531,
298.7,13.920913696289062,
298.8,13.21062469482422,
298.9,12.668968200683594,
299.0,12.36492156982422,
299.1,12.183517456054688,
299.2,12.10430908203125,
299.3,12.1221923828125,
299.4,11.925460815429688,
299.5,11.59075164794922,
299.6,11.46044921875,
299.7,11.429786682128906,
299.8,11.40679168701172,
299.9,11.434898376464844,
300.0,11.585647583007812,8.817046165466307
